arm,epoch,positive_Dice_pct,small_Dice_pct,severe,empty,normal_any,normal_gt_0p1pct,normal_mean_area_pct
Frozen_Baseline_Phase4,0,13.576265612126454,5.050682366880657,217,0,38,38,51.45297689943489
Frozen_Baseline_Phase4,5,79.46674052442081,76.17143535908353,22,5,19,17,0.514272311813737
Frozen_Baseline_Phase4,10,78.65448083615544,75.67075506990382,28,5,8,6,0.6416553592790945
Frozen_Baseline_Phase4,15,80.94311321025504,79.16705026121255,21,5,15,9,0.23357431075250928
Frozen_Baseline_Phase4,20,82.7367516063881,80.03982432691595,17,3,11,7,0.16063181545228136
LastBlock_FT_Phase5,0,13.576265612126454,5.050682366880657,217,0,38,38,51.45297689943489
LastBlock_FT_Phase5,5,80.88523994135876,75.71811077079592,21,8,22,19,0.5258922736092969
LastBlock_FT_Phase5,10,80.31245823219864,78.61893662591972,25,6,17,15,0.5355866073850885
LastBlock_FT_Phase5,15,83.39862658329835,81.76005686446817,19,2,18,15,0.57576026012647
LastBlock_FT_Phase5,20,84.44704942736804,81.53828391668583,15,4,13,11,0.6242827192318727
