id,dataset,width,height,positive_dice,positive_iou,severe,empty,area_group,intersection,prediction_pixels,gt_pixels,image_pixels,gt_pixels_outside_crop
1,CVC-ColonDB,574,500,0.8218323586744639,0.6975512905360688,False,False,small,1054,1103,1462,287000,0
10,CVC-ColonDB,574,500,0.29758372191606614,0.17480079681274902,True,False,small,1053,1053,6024,287000,0
100,CVC-ColonDB,574,500,0.9325698108351563,0.8736588306208559,False,False,medium,14494,14951,16133,287000,0
101,CVC-ColonDB,574,500,0.9470701867353509,0.8994618395303327,False,False,small,11031,11461,11834,287000,0
102,CVC-ColonDB,574,500,0.7476843876041266,0.5970414967307568,False,False,medium,18445,19164,30175,287000,0
103,CVC-ColonDB,574,500,0.830242552690451,0.7097561589370643,False,False,medium,28205,29862,38082,287000,0
104,CVC-ColonDB,574,500,0.9407948680846959,0.8882083741262722,False,False,medium,39011,40129,42803,287000,0
105,CVC-ColonDB,574,500,0.6457051269366998,0.47678326173986735,False,False,medium,16316,16571,33966,287000,0
106,CVC-ColonDB,574,500,0.6768463695855407,0.5115402731983043,False,False,medium,13032,13032,25476,287000,0
107,CVC-ColonDB,574,500,0.6924431513666641,0.5295702072842253,False,False,medium,9044,9318,16804,287000,0
108,CVC-ColonDB,574,500,0.5580428134556575,0.3870037326094333,False,False,medium,9124,9667,23033,287000,0
109,CVC-ColonDB,574,500,0.9113252839382322,0.8370960310669388,False,False,medium,12718,12956,14955,287000,0
11,CVC-ColonDB,574,500,0.9268204268430831,0.8636210099645331,False,False,medium,30681,33838,32369,287000,0
110,CVC-ColonDB,574,500,0.9028104295789698,0.8228390552714877,False,False,medium,16897,17033,20399,287000,0
111,CVC-ColonDB,574,500,0.8284278535534817,0.7071078431372549,False,False,medium,20195,20964,27791,287000,0
112,CVC-ColonDB,574,500,0.7638334623860862,0.6179049821721114,False,False,medium,12824,12976,20602,287000,0
113,CVC-ColonDB,574,500,0.6865656173079414,0.5227254793655803,False,False,medium,13249,13464,25131,287000,0
114,CVC-ColonDB,574,500,0.5284103091899309,0.3590744842056184,False,False,medium,6161,8591,14728,287000,0
115,CVC-ColonDB,574,500,0.036542515811665496,0.018611309949892626,True,False,small,130,130,6985,287000,0
116,CVC-ColonDB,574,500,0.34388984509466436,0.2076491373934733,True,False,small,999,1786,4024,287000,0
117,CVC-ColonDB,574,500,0.7585470085470085,0.6110154905335629,False,False,small,5325,5591,8449,287000,0
118,CVC-ColonDB,574,500,0.9326419985859062,0.8737855502561385,False,False,small,9893,11113,10102,287000,0
119,CVC-ColonDB,574,500,0.8141774891774892,0.6865930455416629,False,False,small,7523,9123,9357,287000,0
12,CVC-ColonDB,574,500,0.923570690311701,0.8579947442894683,False,False,small,8489,9465,8918,287000,0
120,CVC-ColonDB,574,500,0.8144172586161537,0.6869341381146813,False,False,small,7739,8523,10482,287000,0
121,CVC-ColonDB,574,500,0.7527481542247744,0.6035253880557748,False,False,medium,32116,33385,51945,287000,0
122,CVC-ColonDB,574,500,0.7720665487478887,0.6287527617727332,False,False,medium,29027,30324,44869,287000,0
123,CVC-ColonDB,574,500,0.7320817025440313,0.5773887039984565,False,False,medium,23942,24732,40676,287000,0
124,CVC-ColonDB,574,500,0.42960613520166635,0.2735658517469026,True,False,medium,9075,9192,33056,287000,0
125,CVC-ColonDB,574,500,0.7944706017455213,0.6590221714176847,False,False,medium,27673,27688,41976,287000,0
126,CVC-ColonDB,574,500,0.7329242441146937,0.5784375880529726,False,False,medium,16423,16848,27967,287000,0
127,CVC-ColonDB,574,500,0.8271632663637777,0.7052671890649855,False,False,medium,23941,24052,33835,287000,0
128,CVC-ColonDB,574,500,0.8904302712457001,0.8025005082333808,False,False,medium,15790,16524,18942,287000,0
129,CVC-ColonDB,574,500,0.8677470402063064,0.766389730051505,False,False,medium,29611,30081,38167,287000,0
13,CVC-ColonDB,574,500,0.9173535633525421,0.8473251583344563,False,False,small,6288,6366,7343,287000,0
130,CVC-ColonDB,574,500,0.8955915761036409,0.8109242529534398,False,False,medium,29173,29271,35877,287000,0
131,CVC-ColonDB,574,500,0.5699745547073791,0.398576512455516,False,False,medium,6720,8337,15243,287000,0
132,CVC-ColonDB,574,500,0.9404339575942579,0.8875652106205715,False,False,small,11399,12052,12190,287000,0
133,CVC-ColonDB,574,500,0.9435973984433308,0.8932176019378281,False,False,small,13275,14677,13460,287000,0
134,CVC-ColonDB,574,500,0.9408829804693911,0.8883654620963243,False,False,medium,14332,14551,15914,287000,0
135,CVC-ColonDB,574,500,0.9410727694166041,0.8887039092366507,False,False,medium,14413,14683,15948,287000,0
136,CVC-ColonDB,574,500,0.9184068278805121,0.8491240991109474,False,False,medium,16141,16362,18788,287000,0
137,CVC-ColonDB,574,500,0.9223752172680317,0.855933560593928,False,False,medium,37412,37748,43373,287000,0
138,CVC-ColonDB,574,500,0.8859032161106102,0.7951761722333135,False,False,medium,29474,29819,36721,287000,0
139,CVC-ColonDB,574,500,0.5815148401136432,0.40995482826216656,False,False,medium,9620,9667,23419,287000,0
14,CVC-ColonDB,574,500,0.9754853750045532,0.9521439237715992,False,False,small,13390,13685,13768,287000,0
140,CVC-ColonDB,574,500,0.8664860871706477,0.7644247480013904,False,False,medium,17594,17622,22988,287000,0
141,CVC-ColonDB,574,500,0.8818762072730326,0.7887107071769257,False,False,medium,21001,21202,26426,287000,0
142,CVC-ColonDB,574,500,0.9292056927381097,0.867772350335113,False,False,medium,22917,23135,26191,287000,0
143,CVC-ColonDB,574,500,0.9233406626169269,0.8575977847005885,False,False,small,12388,12952,13881,287000,0
144,CVC-ColonDB,574,500,0.963611643104633,0.9297785301170828,False,False,medium,32956,33335,35066,287000,0
145,CVC-ColonDB,574,500,0.9407974114291981,0.888212908069485,False,False,medium,34309,35342,37594,287000,0
146,CVC-ColonDB,574,500,0.8879931276019296,0.7985500356548609,False,False,medium,13438,13928,16338,287000,0
147,CVC-ColonDB,574,500,0.9243826536798286,0.8593973096866311,False,False,small,11436,11436,13307,287000,0
148,CVC-ColonDB,574,500,0.9273607063018195,0.8645597003112964,False,False,medium,16386,16733,18606,287000,0
149,CVC-ColonDB,574,500,0.9531057028695968,0.9104125464071336,False,False,medium,26239,27425,27635,287000,0
15,CVC-ColonDB,574,500,0.9537072608528621,0.9115109234440977,False,False,small,9930,10810,10014,287000,0
150,CVC-ColonDB,574,500,0.8792,0.7844396859386152,False,False,medium,16485,16899,20601,287000,0
151,CVC-ColonDB,574,500,0.8542217384543617,0.7455384406595643,False,False,medium,10987,11122,14602,287000,0
152,CVC-ColonDB,574,500,0.8468119082924603,0.734322453016815,False,False,small,11136,14147,12154,287000,0
153,CVC-ColonDB,574,500,0.6426523156695604,0.4734618278636337,False,False,small,8180,12202,13255,287000,0
154,CVC-ColonDB,574,500,0.5822420233112822,0.4106780091416963,False,False,small,6469,10343,11878,287000,0
155,CVC-ColonDB,574,500,0.9236499068901304,0.8581314878892734,False,False,small,9176,9880,9989,287000,0
156,CVC-ColonDB,574,500,0.7181692296479848,0.5602683647941779,False,False,small,4927,4941,8780,287000,0
157,CVC-ColonDB,574,500,0.9345751231527094,0.8771853778355729,False,False,small,6071,6326,6666,287000,0
158,CVC-ColonDB,574,500,0.944677033492823,0.8951544346840464,False,False,small,6318,6880,6496,287000,0
159,CVC-ColonDB,574,500,0.9737192515242834,0.948784485113357,False,False,small,6947,7072,7197,287000,0
16,CVC-ColonDB,574,500,0.8077306848011299,0.6774733480970284,False,False,medium,26309,38601,26542,287000,0
160,CVC-ColonDB,574,500,0.9067853170189099,0.8294668294668295,False,False,small,6114,7364,6121,287000,0
161,CVC-ColonDB,574,500,0.9053188080743352,0.8270159519976584,False,False,small,5651,5661,6823,287000,0
162,CVC-ColonDB,574,500,0.9135071090047393,0.8407851690294439,False,False,small,4626,4782,5346,287000,0
163,CVC-ColonDB,574,500,0.9133805640957091,0.8405707959158568,False,False,small,6833,6857,8105,287000,0
164,CVC-ColonDB,574,500,0.9361217966083328,0.8799144428600529,False,False,small,8639,8808,9649,287000,0
165,CVC-ColonDB,574,500,0.9430396133597998,0.8922185024904058,False,False,small,10927,11227,11947,287000,0
166,CVC-ColonDB,574,500,0.9367003593136103,0.8809373420919656,False,False,medium,13947,14669,15110,287000,0
167,CVC-ColonDB,574,500,0.9208717083927876,0.8533477581440077,False,False,small,7099,7105,8313,287000,0
168,CVC-ColonDB,574,500,0.8627887972661764,0.7586882675725111,False,False,small,5807,6184,7277,287000,0
169,CVC-ColonDB,574,500,0.9440769693325316,0.8940774487471527,False,False,small,10205,10261,11358,287000,0
17,CVC-ColonDB,574,500,0.9627747970181852,0.9282215609979401,False,False,medium,20277,21334,20788,287000,0
170,CVC-ColonDB,574,500,0.9549986785516926,0.9138731779095968,False,False,medium,19874,20064,21557,287000,0
171,CVC-ColonDB,574,500,0.9139118738026332,0.8414711953462188,False,False,medium,44842,45267,52865,287000,0
172,CVC-ColonDB,574,500,0.9526060128659577,0.9095011281022812,False,False,small,7256,7309,7925,287000,0
173,CVC-ColonDB,574,500,0.8958356104492294,0.8113244901999604,False,False,small,8196,8483,9815,287000,0
174,CVC-ColonDB,574,500,0.943565434629428,0.8931603201552267,False,False,small,7365,7484,8127,287000,0
175,CVC-ColonDB,574,500,0.9752534165059301,0.9517020424509411,False,False,small,11882,12246,12121,287000,0
176,CVC-ColonDB,574,500,0.9409660107334525,0.8885135135135135,False,False,small,12098,12982,12732,287000,0
177,CVC-ColonDB,574,500,0.957403906742281,0.9182884080744591,False,False,small,7597,8138,7732,287000,0
178,CVC-ColonDB,574,500,0.9068421813973673,0.8295619955008602,False,False,small,6269,6380,7446,287000,0
179,CVC-ColonDB,574,500,0.9013194062671798,0.8203652739554665,False,False,small,6558,6558,7994,287000,0
18,CVC-ColonDB,574,500,0.9412356610988126,0.8889944877399734,False,False,medium,14031,15372,14442,287000,0
180,CVC-ColonDB,574,500,0.9556830581857862,0.9151274100040447,False,False,small,13575,14717,13692,287000,0
181,CVC-ColonDB,574,500,0.9179481664695128,0.8483402902007553,False,False,small,8536,8588,10010,287000,0
182,CVC-ColonDB,574,500,0.9422130085514382,0.8907398334149926,False,False,small,7272,7740,7696,287000,0
183,CVC-ColonDB,574,500,0.9666205465236942,0.935397489539749,False,False,small,5589,5739,5825,287000,0
184,CVC-ColonDB,574,500,0.916918780544566,0.8465835840137517,False,False,small,5910,6423,6468,287000,0
185,CVC-ColonDB,574,500,0.8580645161290322,0.751412429378531,False,False,small,3192,4242,3198,287000,0
186,CVC-ColonDB,574,500,0.9228179228179229,0.8566963212310652,False,False,small,3563,3823,3899,287000,0
187,CVC-ColonDB,574,500,0.9509055701104909,0.9064060803474484,False,False,small,4174,4425,4354,287000,0
188,CVC-ColonDB,574,500,0.9494200645701303,0.9037104484407011,False,False,small,3970,4246,4117,287000,0
189,CVC-ColonDB,574,500,0.9107700146487485,0.8361595135071921,False,False,small,7150,7250,8451,287000,0
19,CVC-ColonDB,574,500,0.9552384834896046,0.9143124707351334,False,False,medium,17574,18785,18010,287000,0
190,CVC-ColonDB,574,500,0.9378581528615019,0.8829876681614349,False,False,small,6301,6785,6652,287000,0
191,CVC-ColonDB,574,500,0.9545084561816044,0.9129757785467129,False,False,small,10554,10603,11511,287000,0
192,CVC-ColonDB,574,500,0.9107316545985086,0.836094850679631,False,False,small,8427,8603,9903,287000,0
193,CVC-ColonDB,574,500,0.9603634509294887,0.9237492196557567,False,False,small,10358,10555,11016,287000,0
194,CVC-ColonDB,574,500,0.944101882077943,0.8941221374045801,False,False,small,11713,12855,11958,287000,0
195,CVC-ColonDB,574,500,0.9325001627286338,0.8735365853658537,False,False,small,7163,7784,7579,287000,0
196,CVC-ColonDB,574,500,0.8842491359243846,0.7925148564926033,False,False,small,6268,6268,7909,287000,0
197,CVC-ColonDB,574,500,0.9439668565510099,0.8938799529227148,False,False,medium,13671,13780,15185,287000,0
198,CVC-ColonDB,574,500,0.951913462412508,0.9082393755420641,False,False,small,5236,5739,5262,287000,0
199,CVC-ColonDB,574,500,0.9373699148533585,0.8821225071225072,False,False,small,7431,8037,7818,287000,0
2,CVC-ColonDB,574,500,0.0,0.0,True,True,small,0,0,1053,287000,0
20,CVC-ColonDB,574,500,0.9545197981698452,0.9129965316405995,False,False,medium,27903,28708,29757,287000,0
200,CVC-ColonDB,574,500,0.9256668124180149,0.8616198616198616,False,False,small,4234,4477,4671,287000,0
201,CVC-ColonDB,574,500,0.9050640786363071,0.826590909090909,False,False,small,3637,4390,3647,287000,0
202,CVC-ColonDB,574,500,0.9730648143521063,0.9475425790754258,False,False,small,9736,10025,9986,287000,0
203,CVC-ColonDB,574,500,0.955956678700361,0.9156293222683264,False,False,small,6620,6785,7065,287000,0
204,CVC-ColonDB,574,500,0.6382220714225125,0.46866824467422447,False,False,small,3762,7618,4171,287000,0
205,CVC-ColonDB,574,500,0.6474036850921273,0.4786377708978328,False,False,small,2319,4796,2368,287000,0
206,CVC-ColonDB,574,500,0.7898259705488622,0.6526548672566371,False,False,small,2065,3035,2194,287000,0
207,CVC-ColonDB,574,500,0.47837473216411397,0.3143840617502868,True,False,small,3014,9587,3014,287000,0
208,CVC-ColonDB,574,500,0.806814724672954,0.676185619581846,False,False,small,1326,1718,1569,287000,0
209,CVC-ColonDB,574,500,0.933046902971715,0.874496644295302,False,False,small,2606,2937,2649,287000,0
21,CVC-ColonDB,574,500,0.9371756104165726,0.8817784194657947,False,False,medium,20765,23333,20981,287000,0
210,CVC-ColonDB,574,500,0.9401083147499204,0.886985272016832,False,False,small,5902,6599,5957,287000,0
211,CVC-ColonDB,574,500,0.8447225981055481,0.7311859443631039,False,False,small,4994,5094,6730,287000,0
212,CVC-ColonDB,574,500,0.8630391210749017,0.7590754766257508,False,False,small,11626,14249,12693,287000,0
213,CVC-ColonDB,574,500,0.864915425987996,0.7619832440598819,False,False,small,11096,13988,11670,287000,0
214,CVC-ColonDB,574,500,0.931752121846297,0.8722246408358729,False,False,small,8014,8238,8964,287000,0
215,CVC-ColonDB,574,500,0.9482088908070782,0.9015182601559294,False,False,small,8788,9095,9441,287000,0
216,CVC-ColonDB,574,500,0.9333835506802881,0.8750882768361582,False,False,small,9913,9924,11317,287000,0
217,CVC-ColonDB,574,500,0.9011109754608717,0.8200199977780247,False,False,small,7381,8746,7636,287000,0
218,CVC-ColonDB,574,500,0.9638045045492964,0.9301377093229691,False,False,medium,19385,20226,20000,287000,0
219,CVC-ColonDB,574,500,0.9446735395189003,0.8951481602084012,False,False,medium,16494,17393,17527,287000,0
22,CVC-ColonDB,574,500,0.8678415250464794,0.7665371449717828,False,False,medium,16571,21618,16571,287000,0
220,CVC-ColonDB,574,500,0.958855401286827,0.9209627581720605,False,False,small,11326,12048,11576,287000,0
221,CVC-ColonDB,574,500,0.8739503510301473,0.776120619396903,False,False,small,9523,9948,11845,287000,0
222,CVC-ColonDB,574,500,0.025538836925579504,0.012934585598945461,True,False,small,157,220,12075,287000,0
223,CVC-ColonDB,574,500,0.8864209994952045,0.7960108794197642,False,False,small,8780,8811,10999,287000,0
224,CVC-ColonDB,574,500,0.8639393007279811,0.7604693140794224,False,False,small,4213,4533,5220,287000,0
225,CVC-ColonDB,574,500,0.0,0.0,True,True,small,0,0,3086,287000,0
226,CVC-ColonDB,574,500,0.9259937238493724,0.8621865108351595,False,False,small,10623,10839,12105,287000,0
227,CVC-ColonDB,574,500,0.8847023669426224,0.7932432928395786,False,False,medium,43227,44599,53122,287000,0
228,CVC-ColonDB,574,500,0.9370121855017587,0.8814891127835304,False,False,medium,50482,53241,54510,287000,0
229,CVC-ColonDB,574,500,0.9733274666331426,0.9480408163265306,False,False,medium,23227,23982,23745,287000,0
23,CVC-ColonDB,574,500,0.9454310403483704,0.896509452222724,False,False,medium,13895,14360,15034,287000,0
230,CVC-ColonDB,574,500,0.967549866031557,0.9371395617070357,False,False,medium,14625,14956,15275,287000,0
231,CVC-ColonDB,574,500,0.8553400013425522,0.7472437250762374,False,False,small,6371,8058,6839,287000,0
232,CVC-ColonDB,574,500,0.9463792150359315,0.8982161594963274,False,False,small,11984,12093,13233,287000,0
233,CVC-ColonDB,574,500,0.9439104764520115,0.8937788467789118,False,False,medium,13749,14137,14995,287000,0
234,CVC-ColonDB,574,500,0.9534228131442757,0.9109913966390608,False,False,small,11330,11502,12265,287000,0
235,CVC-ColonDB,574,500,0.892682244298307,0.8061662875916098,False,False,small,6380,6709,7585,287000,0
236,CVC-ColonDB,574,500,0.9459236067626801,0.8973956848208345,False,False,medium,18883,19973,19952,287000,0
237,CVC-ColonDB,574,500,0.9442028559675618,0.8943032866724181,False,False,medium,32135,34409,33659,287000,0
238,CVC-ColonDB,574,500,0.9623339865011975,0.9274024339068401,False,False,medium,28730,29865,29844,287000,0
239,CVC-ColonDB,574,500,0.9705098980203959,0.9427093044937535,False,False,medium,20223,21011,20664,287000,0
24,CVC-ColonDB,574,500,0.8734348054285072,0.7753078202995008,False,False,medium,23298,29426,23922,287000,0
240,CVC-ColonDB,574,500,0.9440953342232931,0.8941103916127043,False,False,medium,14498,15189,15524,287000,0
241,CVC-ColonDB,574,500,0.8642091013225034,0.760887503438159,False,False,small,8299,8302,10904,287000,0
242,CVC-ColonDB,574,500,0.9351039839639188,0.8781176470588236,False,False,small,9330,10129,9826,287000,0
243,CVC-ColonDB,574,500,0.8698549316304575,0.7696843139663432,False,False,small,6266,6529,7878,287000,0
244,CVC-ColonDB,574,500,0.0,0.0,True,True,small,0,0,7896,287000,0
245,CVC-ColonDB,574,500,0.9351039839639188,0.8781176470588236,False,False,small,9330,10129,9826,287000,0
246,CVC-ColonDB,574,500,0.8698549316304575,0.7696843139663432,False,False,small,6266,6529,7878,287000,0
247,CVC-ColonDB,574,500,0.0,0.0,True,True,small,0,0,7896,287000,0
248,CVC-ColonDB,574,500,0.9351039839639188,0.8781176470588236,False,False,small,9330,10129,9826,287000,0
249,CVC-ColonDB,574,500,0.8698549316304575,0.7696843139663432,False,False,small,6266,6529,7878,287000,0
25,CVC-ColonDB,574,500,0.7780974206445951,0.6367916999201916,False,False,small,7979,11276,9233,287000,0
250,CVC-ColonDB,574,500,0.0,0.0,True,True,small,0,0,7896,287000,0
251,CVC-ColonDB,574,500,0.9351039839639188,0.8781176470588236,False,False,small,9330,10129,9826,287000,0
252,CVC-ColonDB,574,500,0.8698549316304575,0.7696843139663432,False,False,small,6266,6529,7878,287000,0
253,CVC-ColonDB,574,500,0.0,0.0,True,True,small,0,0,7896,287000,0
254,CVC-ColonDB,574,500,0.9351039839639188,0.8781176470588236,False,False,small,9330,10129,9826,287000,0
255,CVC-ColonDB,574,500,0.8698549316304575,0.7696843139663432,False,False,small,6266,6529,7878,287000,0
256,CVC-ColonDB,574,500,0.0,0.0,True,True,small,0,0,7896,287000,0
257,CVC-ColonDB,574,500,0.9351039839639188,0.8781176470588236,False,False,small,9330,10129,9826,287000,0
258,CVC-ColonDB,574,500,0.8698549316304575,0.7696843139663432,False,False,small,6266,6529,7878,287000,0
259,CVC-ColonDB,574,500,0.0,0.0,True,True,small,0,0,7896,287000,0
26,CVC-ColonDB,574,500,0.8724689745264533,0.7737871107892831,False,False,small,5343,6205,6043,287000,0
260,CVC-ColonDB,574,500,0.9351039839639188,0.8781176470588236,False,False,small,9330,10129,9826,287000,0
261,CVC-ColonDB,574,500,0.8698549316304575,0.7696843139663432,False,False,small,6266,6529,7878,287000,0
262,CVC-ColonDB,574,500,0.0,0.0,True,True,small,0,0,7896,287000,0
263,CVC-ColonDB,574,500,0.9351039839639188,0.8781176470588236,False,False,small,9330,10129,9826,287000,0
264,CVC-ColonDB,574,500,0.5897280048624829,0.41816614588945156,False,False,small,3881,9118,4044,287000,0
265,CVC-ColonDB,574,500,0.7017258222077499,0.5405066466014548,False,False,small,2155,2176,3966,287000,0
266,CVC-ColonDB,574,500,0.4702834940279177,0.3074317968015052,True,False,small,3268,3390,10508,287000,0
267,CVC-ColonDB,574,500,0.6609355246523388,0.4935800604229607,False,False,small,1307,1495,2460,287000,0
268,CVC-ColonDB,574,500,0.6357987572659851,0.46605935938877463,False,False,small,1586,2133,2856,287000,0
269,CVC-ColonDB,574,500,0.6266684114106255,0.45631252977608383,False,False,small,4789,10328,4956,287000,0
27,CVC-ColonDB,574,500,0.7986729526802864,0.6648255813953489,False,False,small,4574,5841,5613,287000,0
270,CVC-ColonDB,574,500,0.2683792815371763,0.1549873356651791,True,False,medium,2570,2648,16504,287000,0
271,CVC-ColonDB,574,500,0.5897280048624829,0.41816614588945156,False,False,small,3881,9118,4044,287000,0
272,CVC-ColonDB,574,500,0.7017258222077499,0.5405066466014548,False,False,small,2155,2176,3966,287000,0
273,CVC-ColonDB,574,500,0.65123362777947,0.48283649503161696,False,False,small,3207,4247,5602,287000,0
274,CVC-ColonDB,574,500,0.6842941043026743,0.5200965554235795,False,False,medium,13574,15771,23902,287000,0
275,CVC-ColonDB,574,500,0.7571748780380609,0.609236862578683,False,False,medium,17228,18639,26867,287000,0
276,CVC-ColonDB,574,500,0.7746873943899967,0.6322365336348843,False,False,medium,22923,23813,35367,287000,0
277,CVC-ColonDB,574,500,0.6984936831875608,0.5366809781594176,False,False,medium,14375,18222,22938,287000,0
278,CVC-ColonDB,574,500,0.0,0.0,True,False,medium,0,30,14614,287000,0
279,CVC-ColonDB,574,500,0.8158844765342961,0.6890243902439024,False,False,medium,14690,16742,19268,287000,0
28,CVC-ColonDB,574,500,0.9153353073243744,0.8438878056097195,False,False,medium,28131,32907,28559,287000,0
280,CVC-ColonDB,574,500,0.8535079134748422,0.744451639489021,False,False,medium,12646,13286,16347,287000,0
281,CVC-ColonDB,574,500,0.8166351606805293,0.6900958466453674,False,False,medium,10584,10786,15135,287000,0
282,CVC-ColonDB,574,500,0.9162237685606268,0.8453993933265925,False,False,small,8361,8921,9330,287000,0
283,CVC-ColonDB,574,500,0.9200227531285552,0.8518908669545981,False,False,small,8087,8548,9032,287000,0
284,CVC-ColonDB,574,500,0.5982977113675052,0.42683650887893343,False,False,medium,7908,8616,17819,287000,0
285,CVC-ColonDB,574,500,0.5769882580801355,0.40546978010293055,False,False,medium,9533,10554,22490,287000,0
286,CVC-ColonDB,574,500,0.5515911665904709,0.38082560245924135,False,False,medium,13875,15876,34433,287000,0
287,CVC-ColonDB,574,500,0.7056822341364684,0.5452155975512377,False,False,medium,16387,19789,26654,287000,0
288,CVC-ColonDB,574,500,0.7696559135657948,0.6255615173446468,False,False,medium,20053,22940,29169,287000,0
289,CVC-ColonDB,574,500,0.7746526966554643,0.6321903141591623,False,False,medium,21552,23813,31830,287000,0
29,CVC-ColonDB,574,500,0.7290842351146494,0.5736684171042761,False,False,medium,15294,17573,24381,287000,0
290,CVC-ColonDB,574,500,0.6966582331857474,0.5345169248190237,False,False,medium,13217,16996,20948,287000,0
291,CVC-ColonDB,574,500,0.6891038668942905,0.5256738878782867,False,False,medium,12715,16135,20768,287000,0
292,CVC-ColonDB,574,500,0.16448215051713455,0.08961076056191737,True,False,small,3451,27758,14204,287000,0
293,CVC-ColonDB,574,500,0.37432532132178775,0.2302584436057899,True,False,medium,4820,5224,20529,287000,0
294,CVC-ColonDB,574,500,0.6842941043026743,0.5200965554235795,False,False,medium,13574,15771,23902,287000,0
295,CVC-ColonDB,574,500,0.7571748780380609,0.609236862578683,False,False,medium,17228,18639,26867,287000,0
296,CVC-ColonDB,574,500,0.7746873943899967,0.6322365336348843,False,False,medium,22923,23813,35367,287000,0
297,CVC-ColonDB,574,500,0.6984936831875608,0.5366809781594176,False,False,medium,14375,18222,22938,287000,0
298,CVC-ColonDB,574,500,0.0,0.0,True,False,medium,0,30,14614,287000,0
299,CVC-ColonDB,574,500,0.8158844765342961,0.6890243902439024,False,False,medium,14690,16742,19268,287000,0
3,CVC-ColonDB,574,500,0.38278307112785287,0.23669247105569638,True,False,medium,3455,3455,14597,287000,0
30,CVC-ColonDB,574,500,0.6682995466152484,0.5018392423886672,False,False,small,6412,9230,9959,287000,0
300,CVC-ColonDB,574,500,0.8535079134748422,0.744451639489021,False,False,medium,12646,13286,16347,287000,0
301,CVC-ColonDB,574,500,0.37097257737412925,0.22772641652413017,True,False,large,21036,21036,92374,287000,0
302,CVC-ColonDB,574,500,0.35477285689158,0.21563761476806645,True,False,large,33280,35911,151702,287000,0
303,CVC-ColonDB,574,500,0.31724045560832415,0.18852393775784992,True,False,large,28423,29106,150083,287000,0
304,CVC-ColonDB,574,500,0.14918813172481252,0.08060685922867149,True,False,large,11439,11439,141911,287000,0
305,CVC-ColonDB,574,500,0.18103579740221853,0.09952686102545036,True,False,large,13652,13652,137169,287000,0
306,CVC-ColonDB,574,500,0.2547445090366215,0.1459640209445798,True,False,large,16893,17650,114977,287000,0
307,CVC-ColonDB,574,500,0.38383976018531135,0.23750105387404097,True,False,large,19719,20215,82531,287000,0
308,CVC-ColonDB,574,500,0.11513041723424651,0.061081370449678804,True,False,large,6846,6846,112080,287000,0
309,CVC-ColonDB,574,500,0.021023230669890227,0.010623283201554035,True,False,large,700,700,65893,287000,0
31,CVC-ColonDB,574,500,0.9652804567548801,0.9328909104466483,False,False,small,12511,13219,12703,287000,0
310,CVC-ColonDB,574,500,0.0,0.0,True,True,large,0,0,181248,287000,0
311,CVC-ColonDB,574,500,0.4888520589597865,0.3234971545031391,True,False,large,37460,37460,115797,287000,0
312,CVC-ColonDB,574,500,0.07246227178084078,0.03759317948489042,True,False,large,4211,4293,111933,287000,0
313,CVC-ColonDB,574,500,0.0,0.0,True,True,large,0,0,85611,287000,0
314,CVC-ColonDB,574,500,0.027344892416962606,0.01386197329266872,True,False,large,1309,1309,94431,287000,0
315,CVC-ColonDB,574,500,0.3184530126164367,0.18938097775783244,True,False,large,13504,13504,71306,287000,0
316,CVC-ColonDB,574,500,0.44335049528798964,0.2848107386704319,True,False,medium,14725,14749,51677,287000,0
317,CVC-ColonDB,574,500,0.6291338352031401,0.45893162393162396,False,False,large,42956,46584,89972,287000,0
318,CVC-ColonDB,574,500,0.41546842027776415,0.2622026759167493,True,False,large,29631,32661,109978,287000,0
319,CVC-ColonDB,574,500,0.22950294067550372,0.1296262761165312,True,False,large,11453,11466,88341,287000,0
32,CVC-ColonDB,574,500,0.9710967450950914,0.9438173515981735,False,False,medium,25837,26932,26280,287000,0
320,CVC-ColonDB,574,500,0.022298293158370182,0.0112748515517946,True,False,large,938,938,83194,287000,0
321,CVC-ColonDB,574,500,0.9460192836618037,0.897567924153794,False,False,large,76874,79129,83392,287000,0
322,CVC-ColonDB,574,500,0.915618599055658,0.8443695163512436,False,False,large,116447,119371,134986,287000,0
323,CVC-ColonDB,574,500,0.449696124731225,0.29006966434452186,True,False,large,22901,22921,78930,287000,0
324,CVC-ColonDB,574,500,0.34892768469824637,0.21133398062850783,True,False,medium,8924,11899,39252,287000,0
325,CVC-ColonDB,574,500,0.4917296013426064,0.32602217863608934,True,False,medium,17287,18687,51624,287000,0
326,CVC-ColonDB,574,500,0.8543463619180046,0.7457283192050217,False,False,medium,39323,47578,44476,287000,0
327,CVC-ColonDB,574,500,0.6175240485152655,0.44667977613069126,False,False,medium,20671,24380,42568,287000,0
328,CVC-ColonDB,574,500,0.6833251372838292,0.5189778863661121,False,False,large,33349,34164,63444,287000,0
329,CVC-ColonDB,574,500,0.952564755497181,0.9094259148682078,False,False,medium,53306,57125,54796,287000,0
33,CVC-ColonDB,574,500,0.955655206776283,0.9150763358778626,False,False,medium,14385,15665,14440,287000,0
330,CVC-ColonDB,574,500,0.8237510283979688,0.7003202963706177,False,False,large,72591,74192,102053,287000,0
331,CVC-ColonDB,574,500,0.6907722195240408,0.5276180583892867,False,False,large,42669,42698,80842,287000,0
332,CVC-ColonDB,574,500,0.8915118397085611,0.8042592349152097,False,False,large,97888,98757,120843,287000,0
333,CVC-ColonDB,574,500,0.9465086483023702,0.8984493767102463,False,False,large,59100,60099,64781,287000,0
334,CVC-ColonDB,574,500,0.9514040595477496,0.907312362030905,False,False,large,65762,71007,67235,287000,0
335,CVC-ColonDB,574,500,0.8608773332079552,0.7557371636123493,False,False,large,82395,83920,107501,287000,0
336,CVC-ColonDB,574,500,0.8184199867725546,0.6926488071993265,False,False,large,79816,89240,105809,287000,0
337,CVC-ColonDB,574,500,0.8801101117366494,0.7858898637806835,False,False,large,92078,99061,110181,287000,0
338,CVC-ColonDB,574,500,0.9274857308789017,0.8647770547975606,False,False,large,97418,103786,106283,287000,0
339,CVC-ColonDB,574,500,0.8965363923347116,0.8124748166653235,False,False,large,80656,83606,96322,287000,0
34,CVC-ColonDB,574,500,0.5776368407898026,0.4061106596085839,False,False,medium,18489,45437,18579,287000,0
340,CVC-ColonDB,574,500,0.9582558226058486,0.9198571428571428,False,False,large,77268,82138,79130,287000,0
341,CVC-ColonDB,574,500,0.5859154929577465,0.41434262948207173,False,False,small,520,526,1249,287000,0
342,CVC-ColonDB,574,500,0.0,0.0,True,False,small,0,2253,856,287000,0
343,CVC-ColonDB,574,500,0.8381625441696113,0.7214111922141119,False,False,small,2965,3471,3604,287000,0
344,CVC-ColonDB,574,500,0.5318559556786704,0.3622641509433962,False,False,small,1152,1288,3044,287000,0
345,CVC-ColonDB,574,500,0.0,0.0,True,True,small,0,0,2295,287000,0
346,CVC-ColonDB,574,500,0.07506702412868632,0.03899721448467967,True,False,small,224,224,5744,287000,0
347,CVC-ColonDB,574,500,0.5529395753946652,0.38211229192137686,False,False,small,4063,7848,6848,287000,0
348,CVC-ColonDB,574,500,0.10756972111553785,0.056842105263157895,True,False,small,513,4257,5281,287000,0
349,CVC-ColonDB,574,500,0.02691107644305772,0.013639059102589444,True,False,small,69,966,4162,287000,0
35,CVC-ColonDB,574,500,0.8657182571688432,0.7632303549275319,False,False,medium,25224,33049,25224,287000,0
350,CVC-ColonDB,574,500,0.0,0.0,True,False,small,0,45,4388,287000,0
351,CVC-ColonDB,574,500,0.0,0.0,True,True,small,0,0,2430,287000,0
352,CVC-ColonDB,574,500,0.0,0.0,True,True,small,0,0,2341,287000,0
353,CVC-ColonDB,574,500,0.0,0.0,True,True,small,0,0,1838,287000,0
354,CVC-ColonDB,574,500,0.0,0.0,True,True,small,0,0,1791,287000,0
355,CVC-ColonDB,574,500,0.5590653396797923,0.387987987987988,False,False,small,646,917,1394,287000,0
356,CVC-ColonDB,574,500,0.0,0.0,True,True,small,0,0,1331,287000,0
357,CVC-ColonDB,574,500,0.0,0.0,True,True,small,0,0,1244,287000,0
358,CVC-ColonDB,574,500,0.0,0.0,True,True,small,0,0,1147,287000,0
359,CVC-ColonDB,574,500,0.0,0.0,True,True,small,0,0,1191,287000,0
36,CVC-ColonDB,574,500,0.9355148209867192,0.878842504743833,False,False,medium,18526,20393,19213,287000,0
360,CVC-ColonDB,574,500,0.0,0.0,True,True,small,0,0,1147,287000,0
361,CVC-ColonDB,574,500,0.0,0.0,True,True,small,0,0,9765,287000,0
362,CVC-ColonDB,574,500,0.41521156936261383,0.26199810734081386,True,False,small,1938,1938,7397,287000,0
363,CVC-ColonDB,574,500,0.678082191780822,0.5129533678756477,False,False,small,2970,3565,5195,287000,0
364,CVC-ColonDB,574,500,0.6835312338668044,0.5192156862745098,False,False,small,1986,2215,3596,287000,0
365,CVC-ColonDB,574,500,0.6850232558139535,0.5209394453876627,False,False,small,1841,1945,3430,287000,0
366,CVC-ColonDB,574,500,0.646551724137931,0.47770700636942676,False,False,small,1650,1825,3279,287000,0
367,CVC-ColonDB,574,500,0.5350008685079034,0.3651885226464311,False,False,small,1540,2333,3424,287000,0
368,CVC-ColonDB,574,500,0.6323024054982818,0.4623115577889447,False,False,small,1380,1442,2923,287000,0
369,CVC-ColonDB,574,500,0.08634222919937205,0.045118949958982774,True,False,small,110,110,2438,287000,0
37,CVC-ColonDB,574,500,0.9162202428123117,0.845393389880082,False,False,medium,14452,15178,16369,287000,0
370,CVC-ColonDB,574,500,0.0,0.0,True,True,small,0,0,2264,287000,0
371,CVC-ColonDB,574,500,0.0,0.0,True,True,small,0,0,1733,287000,0
372,CVC-ColonDB,574,500,0.0,0.0,True,True,small,0,0,1799,287000,0
373,CVC-ColonDB,574,500,0.0,0.0,True,True,small,0,0,1969,287000,0
374,CVC-ColonDB,574,500,0.0,0.0,True,True,small,0,0,2064,287000,0
375,CVC-ColonDB,574,500,0.0,0.0,True,True,small,0,0,2056,287000,0
376,CVC-ColonDB,574,500,0.0,0.0,True,True,small,0,0,2265,287000,0
377,CVC-ColonDB,574,500,0.0,0.0,True,True,small,0,0,2531,287000,0
378,CVC-ColonDB,574,500,0.4806755440077947,0.31637451902522445,True,False,small,740,763,2316,287000,0
379,CVC-ColonDB,574,500,0.0,0.0,True,True,small,0,0,1989,287000,0
38,CVC-ColonDB,574,500,0.8970120915359249,0.8132565050373269,False,False,medium,22441,27438,22597,287000,0
380,CVC-ColonDB,574,500,0.0,0.0,True,False,small,0,3490,2085,287000,1880
39,CVC-ColonDB,574,500,0.58418463866818,0.41261357562800643,False,False,small,3860,9355,3860,287000,0
4,CVC-ColonDB,574,500,0.0,0.0,True,True,small,0,0,9811,287000,0
40,CVC-ColonDB,574,500,0.851881585549423,0.7419805961017394,False,False,small,8489,11237,8693,287000,0
41,CVC-ColonDB,574,500,0.9274025974025975,0.8646325220971062,False,False,small,7141,7878,7522,287000,0
42,CVC-ColonDB,574,500,0.9061067302402347,0.8283319362950545,False,False,small,4941,5511,5395,287000,0
43,CVC-ColonDB,574,500,0.9189433572305109,0.8500418210060939,False,False,small,7114,8146,7337,287000,0
44,CVC-ColonDB,574,500,0.8434872400059006,0.7293367346938775,False,False,small,2859,3750,3029,287000,0
45,CVC-ColonDB,574,500,0.9245372567631703,0.8596646072374228,False,False,small,9740,10786,10284,287000,0
46,CVC-ColonDB,574,500,0.9585770370963865,0.9204492998922911,False,False,small,5982,6091,6390,287000,0
47,CVC-ColonDB,574,500,0.8744491134570053,0.7769076670916044,False,False,small,4266,4717,5040,287000,0
48,CVC-ColonDB,574,500,0.9509954058192955,0.9065693430656935,False,False,small,6831,7322,7044,287000,0
49,CVC-ColonDB,574,500,0.9466597167926332,0.898721649484536,False,False,small,10897,11587,11435,287000,0
5,CVC-ColonDB,574,500,0.4735303015024705,0.3102127097370855,True,False,small,7044,21998,7753,287000,0
50,CVC-ColonDB,574,500,0.7932558520216074,0.6573521432447097,False,False,small,2423,3565,2544,287000,0
51,CVC-ColonDB,574,500,0.9029209621993127,0.8230227094753328,False,False,small,2102,2304,2352,287000,0
52,CVC-ColonDB,574,500,0.9149127835558103,0.8431698113207547,False,False,small,5586,6291,5920,287000,0
53,CVC-ColonDB,574,500,0.8634060106069534,0.7596433015346329,False,False,small,3663,4438,4047,287000,0
54,CVC-ColonDB,574,500,0.8887048348690341,0.7997018818706912,False,False,small,4292,5163,4496,287000,0
55,CVC-ColonDB,574,500,0.8017294626312539,0.6690721649484536,False,False,small,3245,4849,3246,287000,0
56,CVC-ColonDB,574,500,0.28605131229725744,0.16689607708189952,True,False,small,485,485,2906,287000,0
57,CVC-ColonDB,574,500,0.901082621082621,0.8199730374364824,False,False,small,7907,8050,9500,287000,0
58,CVC-ColonDB,574,500,0.9314293293249039,0.8716590815059991,False,False,small,10534,11211,11408,287000,0
59,CVC-ColonDB,574,500,0.9074158325750682,0.8305225900478868,False,False,small,7978,8654,8930,287000,0
6,CVC-ColonDB,574,500,0.6513761467889908,0.48299319727891155,False,False,small,5325,10826,5524,287000,0
60,CVC-ColonDB,574,500,0.8886688866888669,0.7996436669906057,False,False,small,4937,6007,5104,287000,0
61,CVC-ColonDB,574,500,0.7865005793742758,0.6481260444020053,False,False,small,10860,16208,11408,287000,0
62,CVC-ColonDB,574,500,0.972523634331486,0.9465167928205593,False,False,medium,41766,42915,42977,287000,0
63,CVC-ColonDB,574,500,0.9491192938003188,0.9031655907287859,False,False,medium,34836,36605,36802,287000,0
64,CVC-ColonDB,574,500,0.954613208408116,0.9131674668994617,False,False,medium,31381,33015,32731,287000,0
65,CVC-ColonDB,574,500,0.9438745919432615,0.8937145008943421,False,False,medium,28480,30608,29739,287000,0
66,CVC-ColonDB,574,500,0.9346673704018175,0.8773479234878511,False,False,medium,20365,22920,20657,287000,0
67,CVC-ColonDB,574,500,0.8699353857848726,0.7698103053948607,False,False,medium,17166,22008,17457,287000,0
68,CVC-ColonDB,574,500,0.8408255756981872,0.7253658794315,False,False,small,13729,18643,14013,287000,0
69,CVC-ColonDB,574,500,0.9319063859814183,0.8724950451442414,False,False,small,7924,8259,8747,287000,0
7,CVC-ColonDB,574,500,0.9345778814901242,0.8771902377972466,False,False,small,5607,6253,5746,287000,0
70,CVC-ColonDB,574,500,0.9521155830753354,0.9086074453417372,False,False,small,4613,4934,4756,287000,0
71,CVC-ColonDB,574,500,0.6911526260133944,0.5280620489066035,False,False,small,4902,8887,5298,287000,0
72,CVC-ColonDB,574,500,0.9403980673541501,0.8875012760744547,False,False,medium,26081,27909,27559,287000,0
73,CVC-ColonDB,574,500,0.9066382676606318,0.8292207792207792,False,False,medium,12770,12984,15186,287000,0
74,CVC-ColonDB,574,500,0.8721545465731513,0.7732926030984072,False,False,small,3544,3622,4505,287000,0
75,CVC-ColonDB,574,500,0.515496502677866,0.3472517940225534,False,False,medium,8807,8868,25301,287000,0
76,CVC-ColonDB,574,500,0.9337286362050924,0.8756951259404645,False,False,medium,18739,19901,20237,287000,0
77,CVC-ColonDB,574,500,0.9323602437739824,0.8732910500352361,False,False,small,6196,6513,6778,287000,0
78,CVC-ColonDB,574,500,0.7977863540377194,0.6635978195033313,False,False,small,5478,5773,7960,287000,0
79,CVC-ColonDB,574,500,0.8662917479628142,0.7641222919619356,False,False,small,3774,3979,4734,287000,0
8,CVC-ColonDB,574,500,0.34987241281542386,0.2120274914089347,True,False,small,1234,1251,5803,287000,0
80,CVC-ColonDB,574,500,0.8437278525868178,0.7296965982224947,False,False,small,2381,2740,2904,287000,0
81,CVC-ColonDB,574,500,0.7526881720430108,0.603448275862069,False,False,small,1890,2090,2932,287000,0
82,CVC-ColonDB,574,500,0.8805414551607444,0.786577992744861,False,False,small,2602,2810,3100,287000,0
83,CVC-ColonDB,574,500,0.8489244622311155,0.7375054324206867,False,False,small,1697,1978,2020,287000,0
84,CVC-ColonDB,574,500,0.8665994623655914,0.7646012451823303,False,False,small,2579,2967,2985,287000,0
85,CVC-ColonDB,574,500,0.8891595615103532,0.8004385964912281,False,False,small,2555,3131,2616,287000,0
86,CVC-ColonDB,574,500,0.7962294424388288,0.6614461846051316,False,False,small,1985,2296,2690,287000,0
87,CVC-ColonDB,574,500,0.8767123287671232,0.7804878048780488,False,False,small,2432,3116,2432,287000,0
88,CVC-ColonDB,574,500,0.8127453244054491,0.6845585375340334,False,False,small,1760,2316,2015,287000,0
89,CVC-ColonDB,574,500,0.8362043795620437,0.7185148018063221,False,False,small,1432,1751,1674,287000,0
9,CVC-ColonDB,574,500,0.47300961301454275,0.30976594027441484,True,False,small,1919,1919,6195,287000,0
90,CVC-ColonDB,574,500,0.7929792979297929,0.656972408650261,False,False,small,1762,1954,2490,287000,0
91,CVC-ColonDB,574,500,0.6928355750754872,0.5300293994120118,False,False,small,1262,2191,1452,287000,0
92,CVC-ColonDB,574,500,0.6981268011527377,0.5362479247371333,False,False,small,969,1024,1752,287000,0
93,CVC-ColonDB,574,500,0.8605296881674498,0.7552014995313965,False,False,small,4029,4091,5273,287000,0
94,CVC-ColonDB,574,500,0.8306176582038651,0.7103046014257939,False,False,small,2192,2570,2708,287000,0
95,CVC-ColonDB,574,500,0.9502752293577982,0.9052613179514071,False,False,small,5179,5446,5454,287000,0
96,CVC-ColonDB,574,500,0.8273986152324432,0.7056094474905104,False,False,small,5019,5175,6957,287000,0
97,CVC-ColonDB,574,500,0.9158477755940683,0.8447593935398814,False,False,small,5126,5556,5638,287000,0
98,CVC-ColonDB,574,500,0.9243826536798286,0.8593973096866311,False,False,small,11436,11436,13307,287000,0
99,CVC-ColonDB,574,500,0.9273607063018195,0.8645597003112964,False,False,medium,16386,16733,18606,287000,0
