model,threshold,positive_n,positive_dice_pct,small_n,small_dice_pct,medium_n,medium_dice_pct,large_n,large_dice_pct,severe_count,positive_empty_count,normal_n,normal_any_fp,normal_area_over_0p1pct_fp,normal_mean_area_pct
Frozen,0.1,219,82.6402783622371,101,78.64918520753108,90,85.29226554072206,28,88.51247702515366,15,3,38,13,10,0.37890087078550255
Frozen,0.15,219,82.88823714076025,101,79.13016009987776,90,85.39360943879362,28,88.39117550883631,16,3,38,12,10,0.32409600071354433
Frozen,0.2,219,82.99517889511311,101,79.42885314262051,90,85.39587311174964,28,88.14290823455818,15,3,38,12,10,0.28531404935876437
Frozen,0.25,219,83.02473867942702,101,79.62417497415244,90,85.35816312444754,28,87.79076490017282,16,3,38,11,9,0.2527552337026687
Frozen,0.3,219,83.0102098111568,101,79.7542587781477,90,85.28962973502783,28,87.4281834249255,16,3,38,11,7,0.22558454132308292
Frozen,0.35,219,82.97436295234643,101,79.856915085463,90,85.20898154433738,28,87.03674014077642,17,3,38,11,7,0.2051111560433588
Frozen,0.4,219,82.9161651989353,101,79.93936042000603,90,85.10565114292989,28,86.61629190294758,18,3,38,11,7,0.18844309857731864
Frozen,0.45,219,82.83438016164769,101,79.9965286918484,90,84.98383515062564,28,86.16195335599457,17,3,38,11,7,0.1735727052945714
Frozen,0.5,219,82.7367516063881,101,80.03982432691593,90,84.84984662944093,28,85.67286243324287,17,3,38,11,7,0.16063181545228136
Frozen,0.55,219,82.62309941395601,101,80.07448750375565,90,84.69651415022315,28,85.15175929489148,19,3,38,10,5,0.14816203009865025
Frozen,0.6,219,82.47072832132241,101,80.06550128530536,90,84.51767536529316,28,84.56725320276355,19,3,38,9,5,0.1370429719305502
Frozen,0.65,219,82.28214978582155,101,80.03089425633775,90,84.30581707820683,28,83.8981052202212,21,3,38,9,5,0.12629502626661948
Frozen,0.7,219,82.05214101717922,101,79.96140667703382,90,84.05558953575485,28,83.15406250585352,22,3,38,9,5,0.11676577343544853
Frozen,0.75,219,81.77053472545789,101,79.86416269674794,90,83.74508027908057,28,82.30033740666026,22,3,38,9,5,0.10702362646060122
Frozen,0.8,219,81.42366682648111,101,79.75235499120213,90,83.3647900978434,28,81.2130025743589,23,3,38,8,5,0.0955000577988552
Frozen,0.85,219,80.94265122808532,101,79.57610917127302,90,82.85406101154162,28,79.72814648619185,25,3,38,7,4,0.08466219860858706
Frozen,0.9,219,80.17240324220593,101,79.2451570859574,90,82.06980910972713,28,77.41830801735574,27,3,38,5,4,0.07301892808602363
