metric,fp_budget,frozen_threshold,frozen_dice,ft_threshold,ft_dice,ft_minus_frozen_pp
normal_any_fp,5,0.9,80.17240324220593,,,
normal_any_fp,7,0.85,80.94265122808532,,,
normal_any_fp,8,0.8,81.42366682648111,,,
normal_any_fp,9,0.6,82.47072832132241,,,
normal_any_fp,10,0.55,82.62309941395601,,,
normal_any_fp,11,0.25,83.02473867942702,,,
normal_any_fp,12,0.25,83.02473867942702,,,
normal_any_fp,13,0.25,83.02473867942702,0.45,84.44768041079573,1.4229417313687094
normal_any_fp,14,0.25,83.02473867942702,0.45,84.44768041079573,1.4229417313687094
normal_area_over_0p1pct_fp,4,0.85,80.94265122808532,,,
normal_area_over_0p1pct_fp,5,0.55,82.62309941395601,,,
normal_area_over_0p1pct_fp,7,0.3,83.0102098111568,,,
normal_area_over_0p1pct_fp,9,0.25,83.02473867942702,,,
normal_area_over_0p1pct_fp,10,0.25,83.02473867942702,0.85,83.69395786892039,0.6692191894933757
normal_area_over_0p1pct_fp,11,0.25,83.02473867942702,0.5,84.44704942736806,1.4223107479410402
normal_area_over_0p1pct_fp,13,0.25,83.02473867942702,0.45,84.44768041079573,1.4229417313687094
