center,arm,N,N_positive,N_normal,mean_dice,mean_iou,severe_failures,severe_failure_rate,empty_predictions,negative_any_pixel_fp,negative_area_fp_over_0p1pct,negative_mean_foreground_area,small_N,small_dice,medium_N,medium_dice,large_N,large_dice,oversegmentation_failures,near_miss_or_missed_target
C1,original,253,248,5,0.8007350249689729,0.713022367618152,25,0.10080645161290322,5,0.6,0.6,0.060632119182914425,107,0.7887916799556397,97,0.7770264026133817,44,0.882045804171677,3,10
C1,main_view,253,248,5,0.8007886255196149,0.7134575339829581,25,0.10080645161290322,5,0.6,0.6,0.0605879050789407,107,0.7887397974736586,97,0.7784240950195261,44,0.8793928086883862,3,10
C2,original,295,264,31,0.8278030197055222,0.7431356950685769,20,0.07575757575757576,0,0.8387096774193549,0.7419354838709677,0.01702252068807453,109,0.7691848799095845,129,0.8977560558141825,26,0.7264736189262926,8,4
C2,main_view,295,264,31,0.8162533900543194,0.7339961140526043,24,0.09090909090909091,1,0.8387096774193549,0.7419354838709677,0.01672408679279697,109,0.7596179515144788,129,0.8844464214204552,26,0.7153442267701325,5,7
C3,original,454,454,0,0.8352797769254311,0.7548358869109263,29,0.06387665198237885,11,,,,215,0.7814625748029114,188,0.8891288340943588,51,0.8636538104270652,2,15
C3,main_view,454,454,0,0.8390177174802422,0.7585806087768633,27,0.05947136563876652,9,,,,215,0.788991401533056,188,0.8922051663886029,51,0.8538494338306968,2,14
C4,original,222,141,81,0.5987762523957602,0.4963762261624927,49,0.3475177304964539,6,0.6790123456790124,0.6666666666666666,0.052038037265660725,78,0.5093538638068895,44,0.6671243887051773,19,0.8075987951493164,24,15
C4,main_view,222,141,81,0.637662556400834,0.5328961296829574,39,0.2765957446808511,5,0.7407407407407407,0.654320987654321,0.03946797363206828,78,0.5581497904279816,44,0.7047026939332466,19,0.8088325403195888,20,11
C5,original,206,204,2,0.6785800592922776,0.5822927441881107,48,0.23529411764705882,8,0.5,0.5,0.03222535686728395,125,0.5878371664298401,67,0.8099075353633473,12,0.8905734518791961,14,21
C5,main_view,206,204,2,0.6918536225057218,0.5939728976372551,46,0.22549019607843138,6,1.0,0.5,0.028699845679012344,125,0.6090825937201427,67,0.8106590981211453,12,0.8907212668360541,15,17
C6,original,88,83,5,0.8063860958605522,0.7267605036269167,8,0.0963855421686747,2,0.4,0.2,0.0036780478395061723,42,0.7195223167794241,36,0.886393735125576,5,0.9599868374338548,2,4
C6,main_view,88,83,5,0.8081144863724372,0.725714067885186,6,0.07228915662650602,1,0.4,0.4,0.00448389274691358,42,0.7230174173004803,36,0.8865236960317652,5,0.9583835570297135,0,4
