layer,L1,L2,L3,L4,L5,L6,L7,L8,L9,L10,L11,L12
L1,1.0,0.9711519479751587,0.9398840069770813,0.8948562741279602,0.8877020478248596,0.8652938604354858,0.8363355398178101,0.7800207138061523,0.7730278968811035,0.7253478169441223,0.6737335324287415,0.5608378052711487
L2,0.9711519479751587,1.0,0.9807552099227905,0.9050006866455078,0.9055968523025513,0.8842512369155884,0.8602583408355713,0.8116788864135742,0.793269157409668,0.7579158544540405,0.7138316631317139,0.6201989054679871
L3,0.9398840069770813,0.9807552099227905,1.0,0.9054133892059326,0.9144939184188843,0.9036144018173218,0.880818784236908,0.8416635394096375,0.8055316209793091,0.779029130935669,0.7417715191841125,0.6703886389732361
L4,0.8948562741279602,0.9050006866455078,0.9054133892059326,1.0,0.9837135672569275,0.9331392645835876,0.921170175075531,0.8459885716438293,0.8492753505706787,0.7938079237937927,0.7386037111282349,0.6079971194267273
L5,0.8877020478248596,0.9055968523025513,0.9144939184188843,0.9837135672569275,1.0,0.9655157327651978,0.9552344679832458,0.8896536231040955,0.8887522220611572,0.8366822004318237,0.7801480889320374,0.650874137878418
L6,0.8652938604354858,0.8842512369155884,0.9036144018173218,0.9331392645835876,0.9655157327651978,1.0,0.9809975624084473,0.930741548538208,0.9173108339309692,0.8674125075340271,0.8098329901695251,0.685735821723938
L7,0.8363355398178101,0.8602583408355713,0.880818784236908,0.921170175075531,0.9552344679832458,0.9809975624084473,1.0,0.9647538065910339,0.947282612323761,0.902097225189209,0.8493665456771851,0.7224835157394409
L8,0.7800207138061523,0.8116788864135742,0.8416635394096375,0.8459885716438293,0.8896536231040955,0.930741548538208,0.9647538065910339,1.0,0.9574523568153381,0.9388027191162109,0.9028108716011047,0.7997310161590576
L9,0.7730278968811035,0.793269157409668,0.8055316209793091,0.8492753505706787,0.8887522220611572,0.9173108339309692,0.947282612323761,0.9574523568153381,1.0,0.963158369064331,0.9125612378120422,0.7677983045578003
L10,0.7253478169441223,0.7579158544540405,0.779029130935669,0.7938079237937927,0.8366822004318237,0.8674125075340271,0.902097225189209,0.9388027191162109,0.963158369064331,1.0,0.967290997505188,0.8556382656097412
L11,0.6737335324287415,0.7138316631317139,0.7417715191841125,0.7386037111282349,0.7801480889320374,0.8098329901695251,0.8493665456771851,0.9028108716011047,0.9125612378120422,0.967290997505188,1.0,0.911949098110199
L12,0.5608378052711487,0.6201989054679871,0.6703886389732361,0.6079971194267273,0.650874137878418,0.685735821723938,0.7224835157394409,0.7997310161590576,0.7677983045578003,0.8556382656097412,0.911949098110199,1.0
